request_id,total,error
request_id,total,error
503310,1,
502793,1,
503804,0,Wrong password for alg@famaga.ro
502821,1,
502892,2,
504282,0,
503722,2,
503631,1,
502921,5,
503769,0,
503558,1,
504202,2,
502809,0,There is no rta@famaga.com in db
500007,0,Wrong password for alg@famaga.ro
504232,0,There is no ltb@famaga.de in db
502633,0,
502997,2,
503749,1,
504160,0,
495240,2,
503400,1,
503909,1,
502422,1,
500411,3,
502368,0,There is no sid@famaga.ro in db
494959,2,
503516,0,There is no gab@famaga-group.com in db
503433,1,
502855,1,
499023,1,
504049,0,There is no gab@famaga-group.com in db
504273,0,
504272,0,
502905,2,
503775,1,
493669,4,
503451,1,
501255,1,
502882,1,
504062,0,There is no tsh@famaga.de in db
504206,1,
502131,0,There is no tsh@famaga.de in db
504083,1,
503084,1,
504198,0,Wrong password for alg@famaga.ro
503942,0,There is no gab@famaga-group.com in db
504039,0,There is no esh@famaga.de in db
501048,2,
503820,2,
504156,2,
503041,2,
502778,1,
504120,0,
501451,0,Wrong password for id@famaga.ru
503898,1,
502963,2,
504197,0,
504244,1,
502782,2,
503702,2,
488104,0,Wrong password for alg@famaga.ro
502508,1,
503387,2,
504100,0,
503263,0,There is no gab@famaga-group.com in db
503912,1,
504030,2,
503708,0,
503390,0,
499638,1,
503979,0,Wrong password for alg@famaga.ro
501658,1,
502287,2,
504081,0,There is no gab@famaga-group.com in db
502540,0,
501787,1,
502018,0,
503000,2,
503274,2,
498849,0,
503985,0,Wrong password for alg@famaga.ro
498508,0,
502207,2,
463401,0,There is no gab@famaga-group.com in db
503779,1,
504233,0,There is no tsh@famaga.de in db
499778,2,
504196,0,Wrong password for alg@famaga.ro
503974,0,Wrong password for alg@famaga.ro
503705,0,There is no gab@famaga-group.com in db
504169,2,
503856,2,
503946,1,
504226,0,There is no tsh@famaga.de in db
504207,0,There is no tsh@famaga.de in db
504225,1,
504218,0,Wrong password for alg@famaga.ro
504216,0,Wrong password for alg@famaga.ro
502826,1,
503878,2,
504214,3,
502994,3,
503756,0,There is no gc@famaga.de in db
504042,1,
503557,2,
504203,0,
501192,1,
503224,2,
502187,0,There is no lct@famaga.de in db
503284,0,There is no gc@famaga.de in db
501226,1,
501391,0,
501657,0,
501851,1,
504176,0,
501348,1,
502306,1,
504188,0,
501561,0,There is no rta@famaga.com in db
502842,0,
503716,0,There is no tsh@famaga.de in db
504170,2,
501894,1,
501846,2,
503445,2,
501264,0,There is no gab@famaga-group.com in db
501872,0,There is no tsh@famaga.de in db
503552,1,
504163,0,There is no gc@famaga.de in db
502432,3,
502102,0,
504173,0,
503935,0,There is no gab@famaga-group.com in db
497218,1,
503966,0,Wrong password for alg@famaga.ro
502064,0,
504158,0,There is no e.aghayev@famaga.de in db
502353,0,There is no gab@famaga-group.com in db
501858,1,
502037,0,
500599,3,
504146,0,There is no rta@famaga.com in db
493922,2,
504011,1,
502999,1,
502631,0,
502006,0,
503781,0,There is no gab@famaga-group.com in db
503871,2,
501930,0,Wrong password for alg@famaga.ro
504026,1,
503914,4,
504013,1,
502628,2,
503959,1,
504102,0,There is no gc@famaga.de in db
504071,1,
504018,0,There is no amu@famaga.com in db
504070,2,
503902,0,
504072,0,There is no gab@famaga-group.com in db
503092,2,
504106,0,There is no gab@famaga-group.com in db
502986,0,There is no esh@famaga.de in db
504076,0,There is no gab@famaga-group.com in db
504080,0,There is no gab@famaga-group.com in db
503992,2,
503004,2,
499716,2,
499993,0,Wrong password for alg@famaga.ro
502852,0,There is no irg@famaga.de in db
501294,1,
503568,2,
502794,2,
499692,1,
502075,0,
503046,0,
497389,3,
499721,0,
502462,1,
503696,1,
502790,1,
503223,2,
498123,0,
498907,0,There is no gab@famaga-group.com in db
503997,4,
503554,1,
503915,1,
503215,1,
502864,1,
502767,2,
503963,1,
502496,0,Wrong password for alg@famaga.ro
503917,1,
503313,0,There is no tsh@famaga.de in db
503747,2,
503961,1,
503027,2,
502297,1,
502795,2,
501806,1,
503237,1,
504308,0,
504136,0,There is no rta@famaga.com in db
503310,1,
502793,1,
503804,0,Wrong password for alg@famaga.ro
502821,1,
502892,2,
504282,0,
503722,2,
503631,1,
502921,5,
503769,0,
503558,1,
504202,2,
502809,0,There is no rta@famaga.com in db
500007,0,Wrong password for alg@famaga.ro
504232,0,There is no ltb@famaga.de in db
502633,0,
502997,2,
503749,1,
504160,0,
495240,2,
503400,1,
503909,1,
502422,1,
500411,3,
502368,0,There is no sid@famaga.ro in db
494959,2,
503516,0,There is no gab@famaga-group.com in db
503433,1,
502855,1,
499023,1,
504049,0,There is no gab@famaga-group.com in db
504273,0,
504272,0,
502905,2,
503775,1,
493669,4,
503451,1,
501255,1,
502882,1,
504062,0,There is no tsh@famaga.de in db
504206,1,
502131,0,There is no tsh@famaga.de in db
504083,1,
503084,1,
504198,0,Wrong password for alg@famaga.ro
503942,0,There is no gab@famaga-group.com in db
504039,0,There is no esh@famaga.de in db
501048,2,
503820,2,
504156,2,
503041,2,
502778,1,
504120,0,
501451,0,Wrong password for id@famaga.ru
503898,1,
502963,2,
504197,0,
504244,1,
502782,2,
503702,2,
488104,0,Wrong password for alg@famaga.ro
502508,1,
503387,2,
504100,0,
503263,0,There is no gab@famaga-group.com in db
503912,1,
504030,2,
503708,0,
503390,0,
499638,1,
503979,0,Wrong password for alg@famaga.ro
501658,1,
502287,2,
504081,0,There is no gab@famaga-group.com in db
502540,0,
501787,1,
502018,0,
503000,2,
503274,2,
498849,0,
503985,0,Wrong password for alg@famaga.ro
498508,0,
502207,2,
463401,0,There is no gab@famaga-group.com in db
503779,1,
504233,0,There is no tsh@famaga.de in db
499778,2,
504196,0,Wrong password for alg@famaga.ro
503974,0,Wrong password for alg@famaga.ro
503705,0,There is no gab@famaga-group.com in db
504169,2,
503856,2,
503946,1,
504226,0,There is no tsh@famaga.de in db
504207,0,There is no tsh@famaga.de in db
504225,1,
504218,0,Wrong password for alg@famaga.ro
504216,0,Wrong password for alg@famaga.ro
502826,1,
503878,2,
504214,3,
502994,3,
503756,0,There is no gc@famaga.de in db
504042,1,
503557,2,
504203,0,
501192,1,
503224,2,
502187,0,There is no lct@famaga.de in db
503284,0,There is no gc@famaga.de in db
501226,1,
501391,0,
501657,0,
501851,2,
504176,0,
501348,1,
502306,1,
504188,0,
501561,0,There is no rta@famaga.com in db
502842,0,
503716,0,There is no tsh@famaga.de in db
504170,2,
501894,1,
501846,2,
503445,2,
501264,0,There is no gab@famaga-group.com in db
501872,0,There is no tsh@famaga.de in db
503552,1,
504163,0,There is no gc@famaga.de in db
502432,3,
502102,0,
504173,0,
503935,0,There is no gab@famaga-group.com in db
497218,2,
503966,0,Wrong password for alg@famaga.ro
502064,0,
504158,0,There is no e.aghayev@famaga.de in db
502353,0,There is no gab@famaga-group.com in db
501858,1,
502037,0,
500599,4,
504146,0,There is no rta@famaga.com in db
493922,2,
504011,1,
502999,1,
502631,0,
502006,0,
503781,0,There is no gab@famaga-group.com in db
503871,2,
501930,0,Wrong password for alg@famaga.ro
504026,1,
503914,4,
504013,1,
502628,2,
503959,1,
504102,0,There is no gc@famaga.de in db
504071,1,
504018,0,There is no amu@famaga.com in db
504070,2,
503902,0,
504072,0,There is no gab@famaga-group.com in db
503092,2,
504106,0,There is no gab@famaga-group.com in db
502986,0,There is no esh@famaga.de in db
504076,0,There is no gab@famaga-group.com in db
504080,0,There is no gab@famaga-group.com in db
503992,2,
503004,2,
499716,2,
499993,0,Wrong password for alg@famaga.ro
502852,0,There is no irg@famaga.de in db
501294,1,
503568,2,
502794,2,
499692,1,
502075,0,
503046,0,
497389,3,
499721,0,
502462,1,
503696,1,
502790,1,
503223,2,
498123,0,
498907,0,There is no gab@famaga-group.com in db
503997,4,
503554,1,
503915,1,
503215,1,
502864,1,
502767,2,
503963,1,
502496,0,Wrong password for alg@famaga.ro
503917,1,
503313,0,There is no tsh@famaga.de in db
503747,2,
503860,2,
504237,0,There is no gab@famaga-group.com in db
503649,0,
503945,0,There is no esh@famaga.de in db
504003,2,
501806,1,
503237,1,
504308,0,
504136,0,There is no rta@famaga.com in db
503310,1,
502793,1,
503804,0,Wrong password for alg@famaga.ro
502821,1,
502892,2,
504282,0,
503722,2,
503631,1,
502921,5,
503769,0,
503558,1,
504202,2,
502809,0,There is no rta@famaga.com in db
500007,0,Wrong password for alg@famaga.ro
504232,0,There is no ltb@famaga.de in db
502633,0,
502997,2,
503749,1,
504160,0,
495240,2,
503400,1,
503909,1,
502422,1,
500411,3,
502368,0,There is no sid@famaga.ro in db
494959,2,
503516,0,There is no gab@famaga-group.com in db
503433,1,
502855,1,
499023,1,
504049,0,There is no gab@famaga-group.com in db
504273,0,
504272,0,
502905,2,
503775,1,
493669,4,
503451,1,
501255,1,
502882,2,
504062,0,There is no tsh@famaga.de in db
504206,1,
502131,0,There is no tsh@famaga.de in db
504083,1,
503084,2,
504198,0,Wrong password for alg@famaga.ro
503942,0,There is no gab@famaga-group.com in db
504039,0,There is no esh@famaga.de in db
501048,2,
503820,2,
504156,2,
503041,3,
502778,2,
504120,0,
501451,0,Wrong password for id@famaga.ru
503898,1,
502963,2,
504197,0,
504244,1,
502782,2,
503702,2,
488104,0,Wrong password for alg@famaga.ro
502508,1,
503387,2,
504100,0,
503263,0,There is no gab@famaga-group.com in db
503912,1,
504030,2,
503708,0,
503390,0,
499638,1,
503979,0,Wrong password for alg@famaga.ro
501658,1,
502287,2,
504081,0,There is no gab@famaga-group.com in db
502540,0,
501787,1,
502018,0,
503000,2,
503274,2,
498849,0,
503985,0,Wrong password for alg@famaga.ro
498508,0,
502207,2,
463401,0,There is no gab@famaga-group.com in db
503779,1,
504233,0,There is no tsh@famaga.de in db
499778,2,
504196,0,Wrong password for alg@famaga.ro
503974,0,Wrong password for alg@famaga.ro
503705,0,There is no gab@famaga-group.com in db
504169,2,
503856,2,
503946,1,
504226,0,There is no tsh@famaga.de in db
504207,0,There is no tsh@famaga.de in db
504225,1,
504218,0,Wrong password for alg@famaga.ro
504216,0,Wrong password for alg@famaga.ro
502826,1,
503878,2,
504214,3,
502994,3,
503756,0,There is no gc@famaga.de in db
504042,1,
503557,2,
504203,0,
501192,1,
503224,2,
502187,0,There is no lct@famaga.de in db
503284,0,There is no gc@famaga.de in db
501226,1,
501391,0,
501657,0,
501851,1,
504176,0,
501348,1,
502306,1,
504188,0,
501561,0,There is no rta@famaga.com in db
502842,0,
503716,0,There is no tsh@famaga.de in db
504170,2,
501894,1,
501846,2,
503445,2,
501264,0,There is no gab@famaga-group.com in db
501872,0,There is no tsh@famaga.de in db
503552,1,
504163,0,There is no gc@famaga.de in db
502432,3,
502102,0,
504173,0,
503935,0,There is no gab@famaga-group.com in db
497218,1,
503966,0,Wrong password for alg@famaga.ro
502064,0,
504158,0,There is no e.aghayev@famaga.de in db
502353,0,There is no gab@famaga-group.com in db
501858,1,
502037,0,
500599,4,
504146,0,There is no rta@famaga.com in db
493922,2,
504011,1,
502999,1,
502631,0,
502006,0,
503781,0,There is no gab@famaga-group.com in db
503871,2,
501930,0,Wrong password for alg@famaga.ro
504026,1,
503914,4,
504013,1,
502628,2,
503959,0,
504102,0,There is no gc@famaga.de in db
504071,1,
504018,0,There is no amu@famaga.com in db
504070,2,
503902,0,
504072,0,There is no gab@famaga-group.com in db
503092,2,
504106,0,There is no gab@famaga-group.com in db
502986,0,There is no esh@famaga.de in db
504076,0,There is no gab@famaga-group.com in db
504080,0,There is no gab@famaga-group.com in db
503992,2,
503004,2,
499716,2,
499993,0,Wrong password for alg@famaga.ro
502852,0,There is no irg@famaga.de in db
501294,1,
503568,1,
502794,2,
499692,1,
502075,0,
503046,0,
497389,3,
499721,0,
502462,1,
503696,1,
502790,1,
503223,2,
498123,0,
498907,0,There is no gab@famaga-group.com in db
503997,4,
503554,1,
503915,1,
503215,1,
502864,1,
502767,2,
502236,1,
504209,0,Wrong password for alg@famaga.ro
503797,0,Wrong password for alg@famaga.ro
503637,0,There is no gab@famaga-group.com in db
501441,1,
503574,1,
500187,0,There is no esh@famaga.de in db
503860,2,
504237,0,There is no gab@famaga-group.com in db
503649,0,
503945,0,There is no esh@famaga.de in db
504003,2,
501806,1,
503237,1,
504308,0,
504136,0,There is no rta@famaga.com in db
503310,1,
502793,1,
503804,0,Wrong password for alg@famaga.ro
502821,1,
502892,2,
504282,0,
503722,2,
503631,1,
502921,5,
503769,0,
503558,1,
504202,2,
502809,0,There is no rta@famaga.com in db
500007,0,Wrong password for alg@famaga.ro
504232,0,There is no ltb@famaga.de in db
502633,0,
502997,2,
503749,1,
504160,0,
495240,2,
503400,1,
503909,1,
502422,1,
500411,3,
502368,0,There is no sid@famaga.ro in db
494959,2,
503516,0,There is no gab@famaga-group.com in db
503433,1,
502855,1,
499023,1,
504049,0,There is no gab@famaga-group.com in db
504273,0,
504272,0,
502905,2,
503775,1,
493669,4,
503451,1,
501255,1,
502882,1,
504062,0,There is no tsh@famaga.de in db
504206,1,
502131,0,There is no tsh@famaga.de in db
504083,1,
503084,1,
504198,0,Wrong password for alg@famaga.ro
503942,0,There is no gab@famaga-group.com in db
504039,0,There is no esh@famaga.de in db
501048,2,
503820,2,
504156,2,
503041,2,
502778,1,
504120,0,
501451,0,Wrong password for id@famaga.ru
503898,1,
502963,2,
504197,0,
504244,1,
502782,2,
503702,2,
488104,0,Wrong password for alg@famaga.ro
502508,1,
503387,2,
504100,0,
503263,0,There is no gab@famaga-group.com in db
503912,1,
504030,2,
503708,0,
503390,0,
499638,1,
503979,0,Wrong password for alg@famaga.ro
501658,1,
502287,2,
504081,0,There is no gab@famaga-group.com in db
502540,0,
501787,1,
502018,0,
503000,2,
503274,2,
498849,0,
503985,0,Wrong password for alg@famaga.ro
498508,0,
502207,2,
463401,0,There is no gab@famaga-group.com in db
503779,1,
504233,0,There is no tsh@famaga.de in db
499778,2,
504196,0,Wrong password for alg@famaga.ro
503974,0,Wrong password for alg@famaga.ro
503705,0,There is no gab@famaga-group.com in db
504169,2,
503856,2,
503946,1,
504226,0,There is no tsh@famaga.de in db
504207,0,There is no tsh@famaga.de in db
504225,1,
504218,0,Wrong password for alg@famaga.ro
504216,0,Wrong password for alg@famaga.ro
502826,1,
503878,2,
504214,3,
502994,3,
503756,0,There is no gc@famaga.de in db
504042,1,
503557,2,
504203,0,
501192,1,
503224,2,
502187,0,There is no lct@famaga.de in db
503284,0,There is no gc@famaga.de in db
501226,1,
501391,0,
501657,0,
501851,1,
504176,0,
501348,1,
502306,1,
504188,0,
501561,0,There is no rta@famaga.com in db
502842,0,
503716,0,There is no tsh@famaga.de in db
504170,2,
501894,1,
501846,2,
503445,2,
501264,0,There is no gab@famaga-group.com in db
501872,0,There is no tsh@famaga.de in db
503552,1,
504163,0,There is no gc@famaga.de in db
502432,3,
502102,0,
504173,0,
503935,0,There is no gab@famaga-group.com in db
497218,1,
503966,0,Wrong password for alg@famaga.ro
502064,0,
504158,0,There is no e.aghayev@famaga.de in db
502353,0,There is no gab@famaga-group.com in db
501858,1,
502037,0,
500599,4,
504146,0,There is no rta@famaga.com in db
493922,2,
504011,1,
502999,1,
502631,0,
502006,0,
503781,0,There is no gab@famaga-group.com in db
503871,2,
501930,0,Wrong password for alg@famaga.ro
504026,1,
503914,4,
504013,1,
502628,2,
503959,0,
504102,0,There is no gc@famaga.de in db
504071,1,
504018,0,There is no amu@famaga.com in db
504070,2,
503902,0,
504072,0,There is no gab@famaga-group.com in db
503092,2,
504106,0,There is no gab@famaga-group.com in db
502986,0,There is no esh@famaga.de in db
504076,0,There is no gab@famaga-group.com in db
504080,0,There is no gab@famaga-group.com in db
503992,2,
503004,2,
499716,2,
499993,0,Wrong password for alg@famaga.ro
502852,0,There is no irg@famaga.de in db
501294,1,
503568,1,
502794,2,
499692,1,
502075,0,
503046,0,
497389,3,
499721,0,
502462,1,
503696,1,
502790,1,
503223,2,
498123,0,
503034,0,There is no tsh@famaga.de in db
502764,1,
502471,4,
504186,0,
498754,0,
502236,2,
504209,0,Wrong password for alg@famaga.ro
503797,0,Wrong password for alg@famaga.ro
503637,0,There is no gab@famaga-group.com in db
501441,1,
503574,1,
500187,0,There is no esh@famaga.de in db
503860,2,
504237,0,There is no gab@famaga-group.com in db
503649,0,
503945,0,There is no esh@famaga.de in db
504003,2,
501806,1,
503237,1,
504308,0,
504136,0,There is no rta@famaga.com in db
503310,1,
